x,y,yaw
-0.4144,0.0727,0.32777
-0.3668,0.0880,0.29206
-0.3187,0.1015,0.25487
-0.2701,0.1132,0.22006
-0.2211,0.1233,0.18657
-0.1719,0.1317,0.15462
-0.1224,0.1387,0.12410
-0.0726,0.1442,0.09500
-0.0229,0.1483,0.06730
0.0270,0.1509,0.04096
0.0771,0.1524,0.01599
0.1270,0.1525,-0.00767
0.1770,0.1516,-0.02999
0.2269,0.1495,-0.05101
0.2768,0.1465,-0.07071
0.3267,0.1426,-0.08912
0.3764,0.1376,-0.10623
0.4261,0.1320,-0.12205
0.4756,0.1255,-0.13657
0.5251,0.1183,-0.14980
0.5745,0.1106,-0.16174
0.6238,0.1023,-0.17238
0.6730,0.0935,-0.18173
0.7221,0.0842,-0.18978
0.7712,0.0746,-0.19654
0.8202,0.0647,-0.20200
0.8691,0.0546,-0.20617
0.9181,0.0443,-0.20904
0.9670,0.0338,-0.21062
1.0158,0.0234,-0.21090
1.0647,0.0129,-0.20989
1.1137,0.0026,-0.20760
1.1625,-0.0076,-0.20401
1.2116,-0.0176,-0.19915
1.2605,-0.0274,-0.19300
1.3096,-0.0368,-0.18558
1.3588,-0.0458,-0.17689
1.4081,-0.0544,-0.16694
1.4574,-0.0624,-0.15571
1.5069,-0.0699,-0.14322
1.5564,-0.0766,-0.12948
1.6060,-0.0828,-0.11448
1.6558,-0.0880,-0.09822
1.7055,-0.0926,-0.08068
1.7554,-0.0961,-0.06189
1.8053,-0.0988,-0.04182
1.8553,-0.1003,-0.02047
1.9052,-0.1007,0.00215
1.9552,-0.1000,0.02608
2.0052,-0.0981,0.05132
2.0550,-0.0949,0.07788
2.1048,-0.0903,0.10579
2.1545,-0.0843,0.13508
2.2040,-0.0768,0.16578
2.2531,-0.0678,0.19792
2.3019,-0.0571,0.23155
2.3504,-0.0448,0.26672
2.3983,-0.0308,0.30349
2.4457,-0.0150,0.34193
2.4925,0.0028,0.38212
2.5384,0.0224,0.42414
2.5836,0.0439,0.46810
2.6276,0.0675,0.51411
2.6706,0.0931,0.56228
2.7122,0.1209,0.61272
2.7523,0.1506,0.66561
2.7907,0.1825,0.72113
2.8273,0.2166,0.77951
2.8618,0.2528,0.84098
2.8939,0.2911,0.90582
2.9234,0.3315,0.97431
2.9500,0.3739,1.04697
2.9732,0.4180,1.12382
2.9930,0.4639,1.20619
3.0088,0.5114,1.29269
3.0205,0.5599,1.37386
3.0284,0.6093,1.45337
3.0323,0.6592,1.53060
3.0324,0.7091,1.60621
3.0288,0.7590,1.68055
3.0215,0.8084,1.75403
3.0106,0.8572,1.82698
2.9962,0.9050,1.89965
2.9783,0.9517,1.97210
2.9572,0.9970,2.04442
2.9328,1.0406,2.11450
2.9056,1.0826,2.17995
2.8757,1.1226,2.24182
2.8435,1.1608,2.30028
2.8091,1.1971,2.35568
2.7729,1.2315,2.40831
2.7349,1.2641,2.45835
2.6954,1.2946,2.50600
2.6545,1.3234,2.55142
2.6124,1.3503,2.59475
2.5692,1.3755,2.63608
2.5249,1.3987,2.67553
2.4798,1.4204,2.71317
2.4340,1.4403,2.74908
2.3875,1.4586,2.78329
2.3405,1.4753,2.81588
2.2928,1.4907,2.84688
2.2447,1.5045,2.87632
2.1964,1.5168,2.90423
2.1476,1.5279,2.93065
2.0986,1.5378,2.95558
2.0494,1.5465,2.97904
1.9999,1.5540,3.00104
1.9504,1.5605,3.02160
1.9007,1.5661,3.04071
1.8509,1.5706,3.05839
1.8011,1.5743,3.07464
1.7512,1.5773,3.08946
1.7012,1.5796,3.10284
1.6513,1.5812,3.11480
1.6013,1.5823,3.12533
1.5513,1.5829,3.13442
1.5013,1.5830,-3.14109
1.4513,1.5829,-3.13487
1.4013,1.5824,-3.13007
1.3513,1.5817,-3.12671
1.3014,1.5809,-3.12485
1.2514,1.5800,-3.12391
1.2014,1.5792,-3.12277
1.1515,1.5782,-3.12170
1.1014,1.5772,-3.12062
1.0514,1.5761,-3.11955
1.0015,1.5750,-3.11849
0.9515,1.5738,-3.11743
0.9015,1.5725,-3.11637
0.8515,1.5713,-3.11532
0.8016,1.5699,-3.11428
0.7517,1.5686,-3.11322
0.7016,1.5671,-3.11218
0.6517,1.5656,-3.11113
0.6017,1.5640,-3.11009
0.5518,1.5624,-3.10906
0.5017,1.5608,-3.10802
0.4518,1.5591,-3.10698
0.4018,1.5574,-3.10596
0.3519,1.5555,-3.10493
0.3019,1.5536,-3.10390
0.2520,1.5518,-3.10287
0.2021,1.5498,-3.10185
0.1521,1.5478,-3.10083
0.1021,1.5457,-3.09981
0.0522,1.5437,-3.09880
0.0022,1.5414,-3.09779
-0.0477,1.5392,-3.09677
-0.0977,1.5370,-3.09576
-0.1475,1.5346,-3.09475
-0.1975,1.5323,-3.09376
-0.2474,1.5299,-3.09275
-0.2974,1.5274,-3.09175
-0.3473,1.5249,-3.09075
-0.3972,1.5223,-3.08976
-0.4472,1.5197,-3.08877
-0.4971,1.5171,-3.08778
-0.5470,1.5143,-3.08678
-0.5969,1.5116,-3.08580
-0.6468,1.5088,-3.08482
-0.6967,1.5059,-3.08383
-0.7466,1.5030,-3.08285
-0.7965,1.5000,-3.08187
-0.8465,1.4971,-3.08089
-0.8963,1.4940,-3.07992
-0.9462,1.4908,-3.07895
-0.9961,1.4877,-3.07798
-1.0460,1.4845,-3.07701
-1.0959,1.4812,-3.07604
-1.1457,1.4780,-3.07508
-1.1957,1.4746,-3.07411
-1.2455,1.4712,-3.07314
-1.2953,1.4678,-3.07217
-1.3453,1.4643,-3.07113
-1.3951,1.4607,-3.07062
-1.4450,1.4572,-3.07199
-1.4949,1.4538,-3.07493
-1.5447,1.4505,-3.07951
-1.5947,1.4476,-3.08572
-1.6445,1.4450,-3.09354
-1.6945,1.4429,-3.10297
-1.7445,1.4412,-3.11401
-1.7945,1.4402,-3.12665
-1.8445,1.4397,-3.14089
-1.8944,1.4400,3.12646
-1.9444,1.4413,3.10905
-1.9944,1.4433,3.09005
-2.0443,1.4465,3.06947
-2.0940,1.4506,3.04728
-2.1437,1.4559,3.02352
-2.1934,1.4624,2.99817
-2.2427,1.4702,2.97121
-2.2918,1.4793,2.94263
-2.3407,1.4900,2.91243
-2.3892,1.5021,2.88057
-2.4373,1.5158,2.84701
-2.4849,1.5311,2.81173
-2.5318,1.5482,2.77466
-2.5781,1.5670,2.73575
-2.6237,1.5877,2.69492
-2.6683,1.6103,2.65208
-2.7119,1.6347,2.60712
-2.7543,1.6612,2.55990
-2.7953,1.6896,2.51027
-2.8349,1.7202,2.45803
-2.8728,1.7529,2.40296
-2.9087,1.7875,2.34480
-2.9426,1.8243,2.28328
-2.9740,1.8632,2.21803
-3.0027,1.9041,2.14863
-3.0285,1.9469,2.07461
-3.0509,1.9915,1.99494
-3.0695,2.0380,1.91016
-3.0842,2.0858,1.82908
-3.0951,2.1345,1.75034
-3.1021,2.1840,1.67376
-3.1054,2.2338,1.59913
-3.1049,2.2839,1.52613
-3.1009,2.3336,1.45438
-3.0934,2.3831,1.38337
-3.0824,2.4318,1.31258
-3.0678,2.4796,1.24119
-3.0499,2.5263,1.16701
-3.0285,2.5715,1.08739
-3.0034,2.6147,1.00620
-2.9751,2.6559,0.93146
-2.9440,2.6950,0.86626
-2.9106,2.7321,0.80673
-2.8749,2.7672,0.75142
-2.8376,2.8003,0.69945
-2.7985,2.8316,0.65038
-2.7580,2.8609,0.60388
-2.7162,2.8884,0.55967
-2.6734,2.9140,0.51757
-2.6294,2.9378,0.47743
-2.5845,2.9600,0.43912
-2.5389,2.9804,0.40252
-2.4926,2.9991,0.36756
-2.4457,3.0164,0.33418
-2.3982,3.0320,0.30229
-2.3502,3.0461,0.27186
-2.3019,3.0588,0.24284
-2.2532,3.0701,0.21520
-2.2042,3.0801,0.18889
-2.1550,3.0890,0.16392
-2.1056,3.0965,0.14026
-2.0561,3.1029,0.11789
-2.0063,3.1083,0.09681
-1.9565,3.1127,0.07700
-1.9067,3.1160,0.05847
-1.8567,3.1185,0.04121
-1.8068,3.1202,0.02522
-1.7567,3.1210,0.01050
-1.7068,3.1212,-0.00295
-1.6568,3.1207,-0.01513
-1.6068,3.1197,-0.02604
-1.5568,3.1181,-0.03568
-1.5069,3.1162,-0.04403
-1.4569,3.1138,-0.05111
-1.4071,3.1111,-0.05689
-1.3572,3.1081,-0.06135
-1.3073,3.1050,-0.06448
-1.2574,3.1018,-0.06634
-1.2075,3.0983,-0.06836
-1.1576,3.0949,-0.07030
-1.1077,3.0913,-0.07220
-1.0579,3.0877,-0.07407
-1.0081,3.0839,-0.07590
-0.9582,3.0801,-0.07770
-0.9084,3.0762,-0.07946
-0.8586,3.0721,-0.08119
-0.8087,3.0681,-0.08288
-0.7590,3.0639,-0.08453
-0.7091,3.0596,-0.08615
-0.6593,3.0552,-0.08773
-0.6095,3.0509,-0.08927
-0.5597,3.0464,-0.09079
-0.5100,3.0418,-0.09227
-0.4601,3.0372,-0.09371
-0.4104,3.0324,-0.09512
-0.3606,3.0277,-0.09649
-0.3109,3.0228,-0.09783
-0.2612,3.0179,-0.09913
-0.2113,3.0129,-0.10040
-0.1616,3.0078,-0.10163
-0.1119,3.0028,-0.10283
-0.0622,2.9976,-0.10400
-0.0124,2.9924,-0.10512
0.0373,2.9871,-0.10621
0.0870,2.9817,-0.10727
0.1366,2.9764,-0.10829
0.1863,2.9710,-0.10929
0.2360,2.9655,-0.11024
0.2857,2.9600,-0.11115
0.3354,2.9545,-0.11204
0.3851,2.9488,-0.11289
0.4347,2.9432,-0.11370
0.4844,2.9375,-0.11448
0.5341,2.9317,-0.11523
0.5838,2.9260,-0.11595
0.6333,2.9201,-0.11658
0.6830,2.9143,-0.11756
0.7327,2.9085,-0.11685
0.7823,2.9026,-0.11907
0.8319,2.8966,-0.12202
0.8815,2.8904,-0.12654
0.9311,2.8839,-0.13269
0.9806,2.8772,-0.14037
1.0301,2.8700,-0.14871
1.0796,2.8623,-0.15753
1.1288,2.8542,-0.16672
1.1781,2.8457,-0.17576
1.2273,2.8368,-0.18423
1.2764,2.8275,-0.19210
1.3254,2.8177,-0.19933
1.3744,2.8077,-0.20591
1.4233,2.7973,-0.21186
1.4721,2.7867,-0.21713
1.5209,2.7758,-0.22174
1.5697,2.7647,-0.22570
1.6184,2.7534,-0.22897
1.6671,2.7420,-0.23155
1.7157,2.7305,-0.23346
1.7643,2.7189,-0.23466
1.8129,2.7072,-0.23515
1.8616,2.6956,-0.23492
1.9102,2.6839,-0.23393
1.9588,2.6724,-0.23219
2.0075,2.6609,-0.22959
2.0562,2.6496,-0.22615
2.1049,2.6385,-0.22173
2.1537,2.6277,-0.21634
2.2025,2.6171,-0.20982
2.2515,2.6069,-0.20220
2.3005,2.5970,-0.19335
2.3496,2.5877,-0.18325
2.3988,2.5789,-0.17194
2.4482,2.5706,-0.15874
2.4976,2.5631,-0.14356
2.5471,2.5563,-0.12640
2.5967,2.5505,-0.10723
2.6465,2.5456,-0.08611
2.6963,2.5420,-0.06307
2.7463,2.5395,-0.03813
2.7963,2.5382,-0.01133
2.8463,2.5384,0.01734
2.8962,2.5399,0.04782
2.9461,2.5431,0.08011
2.9958,2.5480,0.11420
3.0453,2.5545,0.15006
3.0946,2.5629,0.18769
3.1436,2.5733,0.22709
3.1920,2.5855,0.26826
3.2400,2.5997,0.31121
3.2872,2.6161,0.35595
3.3336,2.6346,0.40252
3.3791,2.6553,0.45095
3.4235,2.6781,0.50130
3.4668,2.7034,0.55365
3.5085,2.7308,0.60804
3.5488,2.7605,0.66470
3.5872,2.7925,0.72333
3.6236,2.8267,0.78500
3.6578,2.8631,0.84852
3.6897,2.9016,0.90972
3.7192,2.9419,0.96922
3.7463,2.9839,1.02696
3.7710,3.0274,1.08328
3.7931,3.0722,1.13834
3.8128,3.1181,1.19237
3.8300,3.1651,1.24553
3.8448,3.2128,1.29798
3.8570,3.2613,1.34989
3.8667,3.3103,1.40140
3.8738,3.3598,1.45266
3.8785,3.4096,1.50382
3.8805,3.4595,1.55501
3.8800,3.5095,1.60639
3.8770,3.5594,1.65810
3.8713,3.6091,1.71028
3.8631,3.6583,1.76311
3.8522,3.7072,1.81673
3.8387,3.7553,1.87134
3.8226,3.8026,1.92712
3.8038,3.8489,1.98429
3.7824,3.8941,2.04311
3.7583,3.9379,2.10384
3.7316,3.9801,2.16675
3.7022,4.0206,2.23245
3.6702,4.0589,2.30015
3.6356,4.0951,2.36443
3.5990,4.1290,2.42626
3.5603,4.1607,2.48570
3.5198,4.1900,2.54286
3.4778,4.2170,2.59787
3.4344,4.2417,2.65079
3.3896,4.2641,2.70170
3.3439,4.2843,2.75060
3.2973,4.3023,2.79753
3.2498,4.3180,2.84249
3.2017,4.3318,2.88546
3.1532,4.3434,2.92640
3.1041,4.3531,2.96529
3.0547,4.3610,3.00207
3.0052,4.3670,3.03669
2.9553,4.3715,3.06911
2.9054,4.3743,3.09926
2.8554,4.3758,3.12711
2.8055,4.3758,-3.13059
2.7555,4.3747,-3.10752
2.7056,4.3725,-3.08688
2.6556,4.3692,-3.06875
2.6059,4.3652,-3.05314
2.5561,4.3605,-3.03977
2.5064,4.3551,-3.02872
2.4568,4.3492,-3.01937
2.4072,4.3430,-3.01173
2.3576,4.3363,-3.00580
2.3081,4.3294,-3.00148
2.2586,4.3224,-2.99882
2.2091,4.3152,-2.99772
2.1597,4.3080,-2.99792
2.1102,4.3009,-2.99949
2.0606,4.2939,-3.00242
2.0111,4.2871,-3.00673
1.9616,4.2805,-3.01225
1.9120,4.2742,-3.01905
1.8624,4.2683,-3.02710
1.8126,4.2628,-3.03641
1.7629,4.2579,-3.04694
1.7131,4.2534,-3.05881
1.6633,4.2495,-3.07108
1.6134,4.2464,-3.08383
1.5634,4.2438,-3.09661
1.5136,4.2418,-3.10921
1.4635,4.2406,-3.12208
1.4135,4.2397,-3.12788
1.3635,4.2393,-3.13646
1.3136,4.2391,-3.13924
1.2636,4.2391,3.14109
1.2136,4.2391,3.13892
1.1636,4.2394,3.13722
1.1136,4.2396,3.13605
1.0636,4.2398,3.13540
1.0136,4.2402,3.13525
0.9637,4.2405,3.13559
0.9136,4.2408,3.13644
0.8637,4.2410,3.13778
0.8137,4.2412,3.13961
0.7637,4.2412,-3.14125
0.7137,4.2411,-3.13845
0.6637,4.2409,-3.13515
0.6137,4.2405,-3.13137
0.5637,4.2398,-3.12711
0.5137,4.2390,-3.12236
0.4638,4.2379,-3.11712
0.4138,4.2365,-3.11137
0.3638,4.2349,-3.10514
0.3139,4.2329,-3.09841
0.2640,4.2306,-3.09119
0.2141,4.2279,-3.08348
0.1641,4.2247,-3.07528
0.1143,4.2213,-3.06661
0.0644,4.2173,-3.05744
0.0146,4.2128,-3.04778
-0.0351,4.2079,-3.03763
-0.0848,4.2025,-3.02698
-0.1344,4.1964,-3.01583
-0.1840,4.1899,-3.00421
-0.2334,4.1827,-2.99217
-0.2829,4.1750,-2.97982
-0.3322,4.1666,-2.96737
-0.3813,4.1576,-2.95498
-0.4304,4.1481,-2.94554
-0.4794,4.1383,-2.93929
-0.5284,4.1281,-2.93613
-0.5773,4.1178,-2.93605
-0.6262,4.1077,-2.93887
-0.6752,4.0978,-2.94467
-0.7243,4.0882,-2.95176
-0.7734,4.0790,-2.95968
-0.8226,4.0702,-2.96850
-0.8719,4.0618,-2.97818
-0.9213,4.0539,-2.98874
-0.9707,4.0466,-3.00018
-1.0202,4.0398,-3.01247
-1.0699,4.0337,-3.02563
-1.1195,4.0282,-3.03967
-1.1693,4.0236,-3.05461
-1.2191,4.0196,-3.07046
-1.2690,4.0164,-3.08722
-1.3190,4.0142,-3.10491
-1.3689,4.0128,-3.12356
-1.4189,4.0124,3.14005
-1.4690,4.0130,3.11942
-1.5188,4.0146,3.09826
-1.5688,4.0173,3.07750
-1.6186,4.0209,3.05808
-1.6685,4.0256,3.04015
-1.7182,4.0311,3.02368
-1.7677,4.0374,3.00869
-1.8172,4.0443,2.99518
-1.8666,4.0519,2.98318
-1.9159,4.0600,2.97266
-1.9652,4.0687,2.96366
-2.0144,4.0778,2.95616
-2.0635,4.0871,2.95017
-2.1125,4.0967,2.94569
-2.1615,4.1065,2.94274
-2.2105,4.1164,2.94130
-2.2595,4.1264,2.94137
-2.3086,4.1363,2.94297
-2.3575,4.1461,2.94607
-2.4066,4.1557,2.95068
-2.4557,4.1651,2.95682
-2.5049,4.1741,2.96437
-2.5541,4.1827,2.97375
-2.6035,4.1907,2.98461
-2.6529,4.1982,2.99678
-2.7024,4.2052,3.00994
-2.7520,4.2114,3.02363
-2.8017,4.2169,3.03795
-2.8514,4.2217,3.05289
-2.9013,4.2257,3.06844
-2.9512,4.2290,3.08458
-3.0011,4.2314,3.10122
-3.0510,4.2331,3.11831
-3.1010,4.2337,3.13578
-3.1510,4.2336,-3.12958
-3.2010,4.2326,-3.11145
-3.2510,4.2305,-3.09306
-3.3009,4.2277,-3.07441
-3.3507,4.2239,-3.05556
-3.4005,4.2191,-3.03654
-3.4501,4.2134,-3.01737
-3.4996,4.2067,-2.99802
-3.5491,4.1991,-2.97852
-3.5983,4.1905,-2.95885
-3.6473,4.1809,-2.93899
-3.6962,4.1703,-2.91894
-3.7449,4.1588,-2.89869
-3.7933,4.1463,-2.87822
-3.8414,4.1328,-2.85754
-3.8892,4.1183,-2.83663
-3.9368,4.1028,-2.81547
-3.9840,4.0863,-2.79407
-4.0307,4.0687,-2.77241
-4.0771,4.0502,-2.75046
-4.1232,4.0306,-2.72822
-4.1687,4.0100,-2.70568
-4.2138,3.9884,-2.68282
-4.2584,3.9657,-2.65962
-4.3023,3.9420,-2.63607
-4.3459,3.9173,-2.61215
-4.3886,3.8915,-2.58785
-4.4308,3.8647,-2.56316
-4.4724,3.8369,-2.53804
-4.5131,3.8080,-2.51249
-4.5532,3.7781,-2.48648
-4.5924,3.7471,-2.46000
-4.6308,3.7150,-2.43303
-4.6684,3.6820,-2.40556
-4.7049,3.6479,-2.37755
-4.7405,3.6129,-2.34899
-4.7751,3.5767,-2.31986
-4.8086,3.5397,-2.29013
-4.8410,3.5016,-2.25981
-4.8721,3.4625,-2.22882
-4.9021,3.4225,-2.19726
-4.9307,3.3815,-2.16545
-4.9581,3.3396,-2.13428
-4.9842,3.2970,-2.10354
-5.0088,3.2536,-2.07324
-5.0323,3.2094,-2.04337
-5.0544,3.1645,-2.01389
-5.0752,3.1191,-1.98478
-5.0946,3.0730,-1.95602
-5.1127,3.0264,-1.92760
-5.1295,2.9794,-1.89948
-5.1450,2.9318,-1.87165
-5.1591,2.8839,-1.84410
-5.1720,2.8356,-1.81678
-5.1835,2.7869,-1.78969
-5.1937,2.7379,-1.76281
-5.2025,2.6888,-1.73611
-5.2102,2.6393,-1.70959
-5.2164,2.5898,-1.68322
-5.2213,2.5400,-1.65698
-5.2250,2.4902,-1.63085
-5.2273,2.4403,-1.60482
-5.2284,2.3902,-1.57887
-5.2282,2.3403,-1.55299
-5.2266,2.2903,-1.52714
-5.2238,2.2404,-1.50133
-5.2197,2.1905,-1.47552
-5.2142,2.1409,-1.44970
-5.2077,2.0913,-1.42386
-5.1997,2.0420,-1.39797
-5.1904,1.9929,-1.37204
-5.1799,1.9440,-1.34602
-5.1682,1.8954,-1.31989
-5.1551,1.8471,-1.29365
-5.1407,1.7992,-1.26728
-5.1252,1.7518,-1.24075
-5.1084,1.7046,-1.21404
-5.0903,1.6581,-1.18721
-5.0710,1.6120,-1.15984
-5.0504,1.5664,-1.13363
-5.0285,1.5214,-1.10438
-5.0055,1.4771,-1.07715
-4.9812,1.4334,-1.04944
-4.9557,1.3905,-1.02201
-4.9290,1.3482,-0.99511
-4.9013,1.3066,-0.96870
-4.8725,1.2658,-0.94282
-4.8426,1.2257,-0.91740
-4.8116,1.1864,-0.89247
-4.7798,1.1478,-0.86798
-4.7470,1.1101,-0.84394
-4.7134,1.0731,-0.82032
-4.6789,1.0369,-0.79710
-4.6435,1.0016,-0.77429
-4.6074,0.9670,-0.75185
-4.5705,0.9333,-0.72981
-4.5329,0.9004,-0.70814
-4.4946,0.8683,-0.68684
-4.4557,0.8370,-0.66591
-4.4160,0.8065,-0.64534
-4.3757,0.7768,-0.62515
-4.3349,0.7480,-0.60532
-4.2935,0.7200,-0.58585
-4.2516,0.6927,-0.56676
-4.2092,0.6662,-0.54803
-4.1663,0.6406,-0.52967
-4.1229,0.6158,-0.51168
-4.0792,0.5917,-0.49405
-4.0349,0.5683,-0.47678
-3.9903,0.5458,-0.45987
-3.9453,0.5240,-0.44332
-3.9000,0.5029,-0.42712
-3.8543,0.4825,-0.41125
-3.8084,0.4629,-0.39574
-3.7621,0.4440,-0.38056
-3.7155,0.4258,-0.36570
-3.6687,0.4083,-0.35117
-3.6217,0.3913,-0.33695
-3.5743,0.3752,-0.32306
-3.5269,0.3597,-0.30946
-3.4792,0.3447,-0.29618
-3.4312,0.3305,-0.28320
-3.3832,0.3168,-0.27051
-3.3349,0.3037,-0.25811
-3.2864,0.2912,-0.24601
-3.2379,0.2793,-0.23420
-3.1892,0.2681,-0.22267
-3.1404,0.2573,-0.21144
-3.0914,0.2470,-0.20051
-3.0425,0.2373,-0.18990
-2.9933,0.2281,-0.17960
-2.9440,0.2195,-0.16968
-2.8948,0.2113,-0.16016
-2.8453,0.2036,-0.15103
-2.7959,0.1962,-0.14240
-2.7464,0.1893,-0.13429
-2.6968,0.1829,-0.12668
-2.6472,0.1767,-0.11960
-2.5976,0.1709,-0.11302
-2.5479,0.1654,-0.10695
-2.4982,0.1602,-0.10138
-2.4484,0.1553,-0.09633
-2.3986,0.1505,-0.09178
-2.3488,0.1461,-0.08774
-2.2991,0.1419,-0.08421
-2.2492,0.1377,-0.08123
-2.1994,0.1337,-0.07880
-2.1496,0.1298,-0.07694
-2.0997,0.1260,-0.07567
-2.0498,0.1222,-0.07498
-2.0001,0.1185,-0.07487
-1.9502,0.1148,-0.07534
-1.9003,0.1110,-0.07641
-1.8504,0.1071,-0.07806
-1.8007,0.1031,-0.08027
-1.7508,0.0991,-0.08309
-1.7010,0.0948,-0.08651
-1.6512,0.0904,-0.09052
-1.6014,0.0858,-0.09513
-1.5517,0.0809,-0.10036
-1.5020,0.0758,-0.10618
-1.4523,0.0704,-0.11261
-1.4026,0.0645,-0.11949
-1.3530,0.0584,-0.12744
-1.3034,0.0518,-0.13370
-1.2539,0.0451,-0.13588
-1.2044,0.0384,-0.13463
-1.1548,0.0318,-0.12976
-1.1052,0.0255,-0.12131
-1.0556,0.0197,-0.10928
-1.0059,0.0146,-0.09368
-0.9560,0.0104,-0.07448
-0.9061,0.0073,-0.05171
-0.8561,0.0053,-0.02536
-0.8062,0.0048,0.00462
-0.7562,0.0058,0.03820
-0.7063,0.0087,0.07553
-0.6566,0.0135,0.11631
-0.6070,0.0203,0.16199
-0.5579,0.0296,0.20743
-0.5094,0.0413,0.27232
-0.4616,0.0563,0.33008
